0.0000000; 9.5500682; 0.7381641; -0.6269177; 0.6538802; 3.2632973; 1.2086113
0.0998437; 9.6037573; 0.8172466; -0.5667393; 0.6032361; 3.3000688; 1.2221539
0.1996873; 9.6540154; 0.9014481; -0.5104895; 0.5429888; 3.3368402; 1.2356964
0.2995310; 9.7011249; 0.9910386; -0.4588016; 0.4781842; 3.3736116; 1.2341086
0.3993746; 9.7449204; 1.0852642; -0.4124894; 0.4141841; 3.4099401; 1.0683750
0.4992183; 9.7811738; 1.1725444; -0.3756092; 0.3678015; 3.4410801; 1.0780872
0.5990619; 9.8154483; 1.2640728; -0.3416382; 0.3286404; 3.4722201; 1.0877994
0.6989056; 9.8477272; 1.3596677; -0.3102040; 0.2955143; 3.5033601; 1.0975116
0.7987493; 9.8779936; 1.4591469; -0.2809821; 0.2674291; 3.5345002; 0.9956133
0.8985929; 9.9044757; 1.5555810; -0.2554245; 0.2438284; 3.5625136; 0.9143617
0.9984366; 9.9278714; 1.6495742; -0.2327984; 0.2239575; 3.5880481; 0.9208921
1.0982802; 9.9496650; 1.7461226; -0.2114936; 0.2070437; 3.6135827; 0.9274224
1.1981239; 9.9698513; 1.8450468; -0.1913386; 0.1926354; 3.6391172; 0.9339528
1.2979675; 9.9884252; 1.9461674; -0.1721826; 0.1803640; 3.6646518; 0.9915183
1.3978112; 10.0048289; 2.0457466; -0.1545433; 0.1684786; 3.6915669; 1.0622715
1.4976549; 10.0191172; 2.1425781; -0.1386553; 0.1564462; 3.7201866; 1.0704752
1.5974985; 10.0320701; 2.2408245; -0.1236884; 0.1458624; 3.7488063; 1.0786789
1.6973422; 10.0437198; 2.3403330; -0.1095521; 0.1365437; 3.7774260; 1.0868825
1.7971858; 10.0540989; 2.4409509; -0.0961649; 0.1283347; 3.8060457; 1.0950862
1.8970295; 10.0632395; 2.5425255; -0.0834536; 0.1211044; 3.8346654; 1.1990100
1.9968731; 10.0709267; 2.6414030; -0.0718706; 0.1123908; 3.8657581; 1.2177315
2.0967168; 10.0775239; 2.7405754; -0.0611138; 0.1041790; 3.8970824; 1.2275589
2.1965605; 10.0831155; 2.8402456; -0.0510974; 0.0965985; 3.9284067; 1.2373864
2.2964041; 10.0877589; 2.9402909; -0.0417792; 0.0895700; 3.9597310; 1.2472139
2.3962478; 10.0915113; 3.0405884; -0.0331217; 0.0830215; 3.9910553; 1.2396257
2.4960914; 10.0944295; 3.1409906; -0.0250944; 0.0768226; 4.0219473; 1.1616244
2.5959351; 10.0965706; 3.2412818; -0.0177016; 0.0706119; 4.0506816; 1.1698939
2.6957787; 10.0980001; 3.3414857; -0.0109265; 0.0646331; 4.0794160; 1.1781635
2.7956224; 10.0987794; 3.4415044; -0.0047528; 0.0588402; 4.1081503; 1.1864330
2.8954661; 10.0989701; 3.5412399; 0.0008330; 0.0531881; 4.1368846; 1.1947026
2.9953097; 10.0986340; 3.6405942; 0.0058411; 0.0476316; 4.1656190; 1.0442626
3.0951534; 10.0978188; 3.7408155; 0.0103301; 0.0418055; 4.1905736; 0.8218873
3.1949970; 10.0965651; 3.8423482; 0.0142572; 0.0355344; 4.2101102; 0.8257100
3.2948407; 10.0949585; 3.9431190; 0.0175210; 0.0292099; 4.2296468; 0.8295327
3.3946843; 10.0930733; 4.0429939; 0.0201183; 0.0227514; 4.2491833; 0.8333555
3.4945280; 10.0909840; 4.1418391; 0.0220402; 0.0160702; 4.2687199; 0.8371782
3.5943717; 10.0887649; 4.2395207; 0.0232720; 0.0090668; 4.2882564; -0.2379042
3.6942153; 10.0863671; 4.3410915; 0.0238028; 0.0012829; 4.2827137; -0.4420255
3.7940590; 10.0839654; 4.4422881; 0.0235131; -0.0071114; 4.2723963; -0.4409594
3.8939026; 10.0816644; 4.5422606; 0.0223627; -0.0159875; 4.2620788; -0.4398932
3.9937463; 10.0795456; 4.6411552; 0.0203264; -0.0252578; 4.2517614; -0.4388271
4.0935899; 10.0776906; 4.7391185; 0.0173858; -0.0348201; 4.2414439; -0.8454095
4.1934336; 10.0761408; 4.8384645; 0.0139554; -0.0275452; 4.2214961; -1.1056962
4.2932773; 10.0748501; 4.9385905; 0.0121421; -0.0085420; 4.1952635; -1.0988039
4.3931209; 10.0736497; 5.0382992; 0.0122589; 0.0109424; 4.1690309; -1.0919116
4.4929646; 10.0723431; 5.1378179; 0.0143227; 0.0305106; 4.1427983; -1.0850194
4.5928082; 10.0707338; 5.2373739; 0.0183233; 0.0497555; 4.1165657; -1.2345312
4.6926519; 10.0686334; 5.3368550; 0.0242086; 0.0685448; 4.0865135; -1.3489946
4.7924955; 10.0658527; 5.4363815; 0.0319670; 0.0872874; 4.0534202; -1.3380258
4.8923392; 10.0621966; 5.5361323; 0.0416163; 0.1060560; 4.0203270; -1.3270570
4.9921829; 10.0574751; 5.6360198; 0.0531655; 0.1249547; 3.9872337; -1.3160882
5.0920265; 10.0514979; 5.7359560; 0.0666303; 0.1440702; 3.9541404; -1.3395547
5.1918702; 10.0440795; 5.8357972; 0.0820339; 0.1639521; 3.9201702; -1.3652355
5.2917138; 10.0350294; 5.9354347; 0.0994782; 0.1848654; 3.8852431; -1.3530174
5.3915575; 10.0241469; 6.0348092; 0.1190306; 0.2064144; 3.8503160; -1.3407993
5.4914011; 10.0112352; 6.1337999; 0.1407409; 0.2286466; 3.8153890; -1.3285812
5.5912448; 9.9960975; 6.2322863; 0.1646605; 0.2515706; 3.7804619; -1.2708123
5.6910885; 9.9784347; 6.3306826; 0.1908936; 0.2704372; 3.7467489; -1.1899043
5.7909321; 9.9579993; 6.4291175; 0.2187114; 0.2831830; 3.7149049; -1.1797480
5.8907758; 9.9348575; 6.5265801; 0.2477754; 0.2973208; 3.6830609; -1.1695917
5.9906194; 9.9089430; 6.6228878; 0.2781930; 0.3128896; 3.6512169; -1.1594355
6.0904631; 9.8801892; 6.7178581; 0.3100736; 0.3299150; 3.6193729; -1.0656906
6.1903067; 9.8481303; 6.8124332; 0.3437104; 0.3365968; 3.5898545; -0.9211871
6.2901504; 9.8124410; 6.9070948; 0.3771782; 0.3251954; 3.5641417; -0.9145653
6.3899941; 9.7739563; 6.9998394; 0.4093121; 0.3150142; 3.5384289; -0.9079435
6.4898377; 9.7329251; 7.0905381; 0.4402205; 0.3061494; 3.5127161; -0.9013216
6.5896814; 9.6895962; 7.1790621; 0.4700167; 0.2986917; 3.4870033; -0.7275811
6.6895250; 9.6428547; 7.2677793; 0.4997533; 0.2963802; 3.4661078; -0.5698527
6.7893687; 9.5928314; 7.3562029; 0.5299470; 0.2980720; 3.4496537; -0.5671411
6.8892123; 9.5408724; 7.4419243; 0.5599288; 0.3001956; 3.4331996; -0.5644295
6.9890560; 9.4871211; 7.5249025; 0.5897352; 0.3028452; 3.4167456; -0.5617179
7.0888997; 9.4317207; 7.6050965; 0.6194082; 0.3061224; 3.4002915; -0.1700563
7.1887433; 9.3711818; 7.6872206; 0.6513111; 0.3201413; 3.3952944; -0.1362994
7.2885870; 9.3086721; 7.7664905; 0.6844151; 0.3358477; 3.3912840; -0.1361383
7.3884306; 9.2445359; 7.8424233; 0.7186102; 0.3523625; 3.3872735; -0.1359773
7.4882743; 9.1788141; 7.9149619; 0.7539402; 0.3696453; 3.3832631; 0.2096183
7.5881179; 9.1092844; 7.9862833; 0.7917855; 0.3913164; 3.3894435; 0.4277072
7.6879616; 9.0365062; 8.0553212; 0.8320769; 0.4109669; 3.4020192; 0.4292912
7.7878053; 8.9615901; 8.1207672; 0.8736698; 0.4240387; 3.4145950; 0.4308752
7.8876489; 8.8842636; 8.1827861; 0.9160487; 0.4296754; 3.4271707; 0.7199865
7.9874926; 8.8049373; 8.2410666; 0.9581323; 0.4208463; 3.4480823; 0.9834521
8.0873362; 8.7233622; 8.2959588; 0.9984808; 0.3987365; 3.4764428; 0.9915078
8.1871799; 8.6387310; 8.3481887; 1.0367830; 0.3707070; 3.5048032; 0.9995636
8.2870235; 8.5508259; 8.3980322; 1.0726390; 0.3384394; 3.5331637; 0.9941739
8.3868672; 8.4621898; 8.4443778; 1.1049004; 0.3096772; 3.5611473; 0.9795240
8.4867109; 8.3749060; 8.4866679; 1.1340309; 0.2912684; 3.5885050; 0.9870202
8.5865545; 8.2845896; 8.5272863; 1.1620123; 0.2740820; 3.6158628; 0.9945163
8.6863982; 8.1912740; 8.5662130; 1.1889034; 0.2580696; 3.6432206; 1.0020125
8.7862418; 8.0949930; 8.6034279; 1.2147621; 0.2431749; 3.6705783; 0.8809681
8.8860855; 8.0032222; 8.6363462; 1.2377957; 0.2294849; 3.6944639; 0.8671323
8.9859291; 7.9101871; 8.6673787; 1.2596967; 0.2174196; 3.7178245; 0.8725980
9.0857728; 7.8149027; 8.6968994; 1.2808434; 0.2068141; 3.7411850; 0.8780637
9.1856165; 7.7174767; 8.7248760; 1.3013237; 0.1975028; 3.7645456; 0.8835294
9.2854601; 7.6180169; 8.7512765; 1.3212177; 0.1893436; 3.7879062; 0.7727328
9.3853038; 7.5229746; 8.7745807; 1.3393266; 0.1808616; 3.8082198; 0.7696967
9.4851474; 7.4267564; 8.7963674; 1.3567941; 0.1734482; 3.8283465; 0.7737539
9.5849911; 7.3291052; 8.8167182; 1.3737690; 0.1670757; 3.8484732; 0.7778111
9.6848347; 7.2301462; 8.8356172; 1.3903201; 0.1616447; 3.8685998; 0.7818683
9.7846784; 7.1300041; 8.8530488; 1.4065115; 0.1570721; 3.8887265; 0.9333491
9.8845221; 7.0314801; 8.8685995; 1.4218569; 0.1494062; 3.9126170; 1.0125780
9.9843657; 6.9334023; 8.8825896; 1.4362157; 0.1405957; 3.9383716; 1.0192214
10.0842094; 6.8345652; 8.8952814; 1.4498166; 0.1325016; 3.9641262; 1.0258648
10.1840530; 6.7350761; 8.9067202; 1.4627078; 0.1250568; 3.9898808; 1.0325082
10.2838967; 6.6350420; 8.9169509; 1.4749335; 0.1182003; 4.0156354; 1.0790386
10.3837403; 6.5348211; 8.9259976; 1.4865021; 0.1114423; 4.0423753; 1.2700830
10.4835840; 6.4354194; 8.9338545; 1.4971975; 0.1031568; 4.0736246; 1.2798635
10.5834277; 6.3357881; 8.9406980; 1.5071022; 0.0952656; 4.1048739; 1.2896440
10.6832713; 6.2360208; 8.9465972; 1.5162434; 0.0877172; 4.1361232; 1.2994245
10.7831150; 6.1362111; 8.9516211; 1.5246448; 0.0804617; 4.1673725; 1.3092050
10.8829586; 6.0364527; 8.9558386; 1.5323269; 0.0734500; 4.1986219; 1.4024230
10.9828023; 5.9361437; 8.9593415; 1.5393132; 0.0652816; 4.2318402; 1.4666944
11.0826459; 5.8356334; 8.9621918; 1.5454285; 0.0563619; 4.2663042; 1.4785907
11.1824896; 5.7354506; 8.9644656; 1.5506315; 0.0474757; 4.3007683; 1.4904870
11.2823333; 5.6356835; 8.9662560; 1.5549248; 0.0385582; 4.3352323; 1.5023832
11.3821769; 5.5364202; 8.9676563; 1.5583065; 0.0295404; 4.3696963; 1.5235981
11.4820206; 5.4373953; 8.9687632; 1.5607804; 0.0208576; 4.4043716; 1.6128502
11.5818642; 5.3361464; 8.9696784; 1.5626563; 0.0161610; 4.4407831; 1.6261289
11.6817079; 5.2355976; 8.9704233; 1.5640380; 0.0112862; 4.4771947; 1.6394077
11.7815516; 5.1357349; 8.9710503; 1.5649145; 0.0062332; 4.5136062; 1.6526865
11.8813952; 5.0365443; 8.9716115; 1.5652751; 0.0010021; 4.5500178; 1.6659652
11.9812389; 4.9380116; 8.9721593; 1.5651091; -0.0044068; 4.5864293; 1.7035565
12.0810825; 4.8375752; 8.9727568; 1.5645909; -0.0047817; 4.6233659; 1.7240926
12.1809262; 4.7370586; 8.9734029; 1.5641655; -0.0036741; 4.6604497; 1.7378662
12.2807698; 4.6371204; 8.9740820; 1.5638553; -0.0025249; 4.6975336; 1.7516398
12.3806135; 4.5377012; 8.9747826; 1.5636629; -0.0013391; 4.7346174; 1.7654135
12.4804572; 4.4387416; 8.9754932; 1.5635903; -0.0001222; 4.7717012; 1.7566865
12.5803008; 4.3388216; 8.9762127; 1.5635959; -0.0002921; 4.8083178; 1.7565532
12.6801445; 4.2384714; 8.9769384; 1.5635153; -0.0013182; 4.8446550; 1.7697777
12.7799881; 4.1384968; 8.9776747; 1.5633315; -0.0023630; 4.8809921; 1.7830023
12.8798318; 4.0388864; 8.9784317; 1.5630433; -0.0034259; 4.9173293; 1.7962268
12.9796754; 3.9396283; 8.9792199; 1.5626498; -0.0045060; 4.9536664; 1.7543607
13.0795191; 3.8397641; 8.9800575; 1.5621624; -0.0050069; 4.9889011; 1.7269575
13.1793628; 3.7395469; 8.9809480; 1.5616569; -0.0050794; 5.0233441; 1.7388392
13.2792064; 3.6396278; 8.9818867; 1.5611460; -0.0051466; 5.0577871; 1.7507210
13.3790501; 3.5399761; 8.9828741; 1.5606300; -0.0052081; 5.0922300; 1.7626028
13.4788937; 3.4405609; 8.9839106; 1.5601093; -0.0052639; 5.1266730; 1.6761589
13.5787374; 3.3407285; 8.9850036; 1.5595975; -0.0047912; 5.1592135; 1.6261399
13.6785810; 3.2406983; 8.9861465; 1.5591583; -0.0039881; 5.1905880; 1.6359989
13.7784247; 3.1408318; 8.9873273; 1.5588005; -0.0031751; 5.2219624; 1.6458579
13.8782684; 3.0411078; 8.9885381; 1.5585247; -0.0023535; 5.2533369; 1.6557169
13.9781120; 2.9415053; 8.9897708; 1.5583315; -0.0015249; 5.2847114; 1.5492354
14.0779557; 2.8416755; 8.9910214; 1.5582196; -0.0007256; 5.3139003; 1.5094991
14.1777993; 2.7417903; 8.9922800; 1.5581865; 0.0000631; 5.3421873; 1.5175131
14.2776430; 2.6419639; 8.9935373; 1.5582323; 0.0008541; 5.3704742; 1.5255271
14.3774866; 2.5421750; 8.9947855; 1.5583570; 0.0016459; 5.3987611; 1.5335411
14.4773303; 2.4424025; 8.9960172; 1.5585608; 0.0024370; 5.4270480; 1.4155548
14.5771740; 2.3426587; 8.9972246; 1.5588282; 0.0028574; 5.4530284; 1.3942339
14.6770176; 2.2428964; 8.9984039; 1.5591300; 0.0031932; 5.4784970; 1.4007306
14.7768613; 2.1430870; 8.9995519; 1.5594654; 0.0035256; 5.5039656; 1.4072273
14.8767049; 2.0432093; 9.0006655; 1.5598340; 0.0038538; 5.5294342; 1.4137239
14.9765486; 1.9432422; 9.0017416; 1.5602355; 0.0041774; 5.5549028; 1.2632762
15.0763922; 1.8436575; 9.0027720; 1.5606695; 0.0045407; 5.5775627; 1.2560116
15.1762359; 1.7439844; 9.0037583; 1.5611401; 0.0049021; 5.6000014; 1.2610545
15.2760796; 1.6441668; 9.0046972; 1.5616473; 0.0052575; 5.6224400; 1.2660973
15.3759232; 1.5441874; 9.0055850; 1.5621904; 0.0056063; 5.6448787; 1.2697547
15.4757669; 1.4440368; 9.0064183; 1.5627691; 0.0059418; 5.6672929; 1.1295519
15.5756105; 1.3445514; 9.0071880; 1.5633440; 0.0056171; 5.6871580; 1.1335043
15.6754542; 1.2448792; 9.0079034; 1.5638879; 0.0052968; 5.7070231; 1.1374567
15.7752978; 1.1450264; 9.0085674; 1.5644010; 0.0049806; 5.7268882; 1.1414091
15.8751415; 1.0449993; 9.0091827; 1.5648836; 0.0046684; 5.7467533; 1.1396873
15.9749852; 0.9448433; 9.0097520; 1.5653356; 0.0043275; 5.7665201; 1.0336095
16.0748288; 0.8452799; 9.0102758; 1.5657185; 0.0033663; 5.7843888; 1.0368074
16.1746725; 0.7455655; 9.0107670; 1.5660066; 0.0024135; 5.8022574; 1.0400053
16.2745161; 0.6457081; 9.0112349; 1.5662003; 0.0014681; 5.8201260; 1.0432032
16.3743598; 0.5457158; 9.0116887; 1.5663002; 0.0005297; 5.8379946; 1.0416269
16.4742034; 0.4456272; 9.0121376; 1.5663065; -0.0003698; 5.8557818; 0.9527778
16.5740471; 0.3460122; 9.0125871; 1.5662565; -0.0006339; 5.8720046; 0.9554137
16.6738908; 0.2462805; 9.0130435; 1.5661802; -0.0008965; 5.8882274; 0.9580496
16.7737344; 0.1464329; 9.0135093; 1.5660776; -0.0011576; 5.9044502; 0.9606855
16.8735781; 0.0464707; 9.0139872; 1.5659489; -0.0014173; 5.9206730; 0.9617471
16.9734217; -0.0535950; 9.0144798; 1.5657942; -0.0016720; 5.9368694; 0.8800656
17.0732654; -0.1532311; 9.0149866; 1.5656242; -0.0017387; 5.9516515; 0.8822541
17.1731090; -0.2529740; 9.0155112; 1.5654475; -0.0018053; 5.9664337; 0.8844427
17.2729527; -0.3528196; 9.0160544; 1.5652639; -0.0018718; 5.9812158; 0.8866312
17.3727964; -0.4527633; 9.0166168; 1.5650735; -0.0019384; 5.9959980; 0.8888198
17.4726400; -0.5528009; 9.0171991; 1.5648763; -0.0020050; 6.0107801; 0.8166007
17.5724837; -0.6524903; 9.0177991; 1.5646805; -0.0019165; 6.0243292; 0.8152874
17.6723273; -0.7522466; 9.0184186; 1.5644940; -0.0018221; 6.0378262; 0.8171119
17.7721710; -0.8520850; 9.0190567; 1.5643168; -0.0017284; 6.0513232; 0.8189365
17.8720146; -0.9520022; 9.0197126; 1.5641487; -0.0016352; 6.0648201; 0.8207610
17.9718583; -1.0519952; 9.0203854; 1.5639899; -0.0015426; 6.0783171; 0.7605969
18.0717020; -1.1517413; 9.0210718; 1.5638426; -0.0014041; 6.0907980; 0.7534756
18.1715456; -1.2515111; 9.0217723; 1.5637097; -0.0012597; 6.1031369; 0.7550004
18.2713893; -1.3513454; 9.0224858; 1.5635912; -0.0011160; 6.1154758; 0.7565253
18.3712329; -1.4512403; 9.0232109; 1.5634868; -0.0009729; 6.1278147; 0.7580502
18.4710766; -1.5511922; 9.0239462; 1.5633967; -0.0008303; 6.1401535; 0.7091200
18.5709202; -1.6509898; 9.0246886; 1.5633203; -0.0007050; 6.1516736; 0.6959219
18.6707639; -1.7507769; 9.0254379; 1.5632559; -0.0005848; 6.1629583; 0.6971973
18.7706076; -1.8506095; 9.0261934; 1.5632035; -0.0004650; 6.1742429; 0.6984728
18.8704512; -1.9504838; 9.0269539; 1.5631631; -0.0003455; 6.1855276; 0.6997482
18.9702949; -2.0503963; 9.0277181; 1.5631345; -0.0002262; 6.1968123; 0.6608345
19.0701385; -2.1502312; 9.0284840; 1.5631163; -0.0001543; 6.2074506; 0.6414589
19.1699822; -2.2500397; 9.0292512; 1.5631033; -0.0001065; 6.2177596; 0.6425233
19.2698258; -2.3498748; 9.0300197; 1.5630950; -0.0000587; 6.2280686; 0.6435877
19.3696695; -2.4497328; 9.0307890; 1.5630916; -0.0000111; 6.2383775; 0.6446521
19.4695132; -2.5496098; 9.0315585; 1.5630928; 0.0000366; 6.2486865; 0.6149978
19.5693568; -2.6494649; 9.0323275; 1.5630981; 0.0000564; 6.2585055; 0.5897091
19.6692005; -2.7492997; 9.0330958; 1.5631036; 0.0000527; 6.2679062; 0.5905942
19.7690441; -2.8491420; 9.0338636; 1.5631086; 0.0000489; 6.2773069; 0.5914793
19.8688878; -2.9489880; 9.0346310; 1.5631133; 0.0000451; 6.2867076; 0.5923644
19.9687314; -3.0488340; 9.0353979; 1.5631176; 0.0000414; 6.2961084; 0.5719389
20.0685751; -3.1486892; 9.0361645; 1.5631215; 0.0000352; 6.3051717; 0.5424416
20.1684188; -3.2485552; 9.0369308; 1.5631246; 0.0000256; 6.3137555; 0.5431795
20.2682624; -3.3484097; 9.0376967; 1.5631267; 0.0000160; 6.3223393; 0.5439175
20.3681061; -3.4482486; 9.0384624; 1.5631278; 0.0000064; 6.3309231; 0.5446555
20.4679497; -3.5480681; 9.0392279; 1.5631279; -0.0000032; 6.3395070; 0.5319635
20.5677934; -3.6479028; 9.0399935; 1.5631271; -0.0000125; 6.3478796; 0.4994623
20.6676370; -3.7478055; 9.0407598; 1.5631255; -0.0000210; 6.3557306; 0.5000796
20.7674807; -3.8476769; 9.0415260; 1.5631229; -0.0000296; 6.3635816; 0.5006970
20.8673244; -3.9475134; 9.0422923; 1.5631196; -0.0000381; 6.3714326; 0.5013143
20.9671680; -4.0473109; 9.0430586; 1.5631153; -0.0000467; 6.3792836; 0.4945652
21.0670117; -4.1471057; 9.0438254; 1.5631101; -0.0000671; 6.3870195; 0.4592253
21.1668553; -4.2470495; 9.0445941; 1.5630995; -0.0001447; 6.3941942; 0.4597409
21.2666990; -4.3469424; 9.0453638; 1.5630812; -0.0002226; 6.4013689; 0.4602564
21.3665426; -4.4467806; 9.0461353; 1.5630551; -0.0003007; 6.4085436; 0.4607720
21.4663863; -4.5465600; 9.0469094; 1.5630212; -0.0003790; 6.4157183; 0.4582985
21.5662300; -4.6462986; 9.0476869; 1.5629794; -0.0004700; 6.4228466; 0.4153127
21.6660736; -4.7462876; 9.0484713; 1.5629189; -0.0007402; 6.4292994; 0.4157298
21.7659173; -4.8462055; 9.0492625; 1.5628314; -0.0010115; 6.4357522; 0.4161468
21.8657609; -4.9460486; 9.0500633; 1.5627168; -0.0012840; 6.4422051; 0.4165639
21.9656046; -5.0458126; 9.0508762; 1.5625751; -0.0015578; 6.4486579; 0.4169809
22.0654482; -5.1454937; 9.0517039; 1.5624061; -0.0018329; 6.4551107; 0.3693283
22.1652919; -5.2455195; 9.0525530; 1.5622019; -0.0022543; 6.4608207; 0.3684601
22.2651356; -5.3454643; 9.0534240; 1.5619552; -0.0026815; 6.4665123; 0.3687846
22.3649792; -5.4453135; 9.0543209; 1.5616660; -0.0031111; 6.4722039; 0.3691090
22.4648229; -5.5450632; 9.0552479; 1.5613342; -0.0035434; 6.4778954; 0.3694334
22.5646665; -5.6447094; 9.0562091; 1.5609594; -0.0039784; 6.4835870; 0.3297822
22.6645102; -5.7447443; 9.0572137; 1.5605432; -0.0043347; 6.4886635; 0.3260681
22.7643538; -5.8447159; 9.0582610; 1.5600923; -0.0046856; 6.4936789; 0.3263200
22.8641975; -5.9445707; 9.0593538; 1.5596068; -0.0050392; 6.4986943; 0.3265719
22.9640412; -6.0443046; 9.0604955; 1.5590864; -0.0053958; 6.5037097; 0.3268239
23.0638848; -6.1439134; 9.0616893; 1.5585310; -0.0057555; 6.5087251; -1.9748826
23.1637285; -6.2439634; 9.0629455; 1.5579526; -0.0057604; 6.4783596; -2.3033033
23.2635721; -6.3439622; 9.0642586; 1.5573789; -0.0057134; 6.4427636; -2.2906127
23.3634158; -6.4438202; 9.0656270; 1.5568106; -0.0056672; 6.4071676; -2.2779221
23.4632594; -6.5435326; 9.0670497; 1.5562478; -0.0056217; 6.3715716; -2.2652315
23.5631031; -6.6430942; 9.0685261; 1.5556902; -0.0055769; 6.3359756; -3.2443560
23.6629468; -6.7431088; 9.0700635; 1.5551821; -0.0044357; 6.2846424; -3.3703504
23.7627904; -6.8430716; 9.0716444; 1.5548046; -0.0031131; 6.2308678; -3.3413881
23.8626341; -6.9429029; 9.0732544; 1.5545602; -0.0017800; 6.1770932; -3.3124257
23.9624777; -7.0426171; 9.0748801; 1.5544495; -0.0004381; 6.1233186; -3.2834634
24.0623214; -7.1422288; 9.0765085; 1.5544730; 0.0009111; 6.0695441; -3.3785369
24.1621650; -7.2421232; 9.0781313; 1.5546697; 0.0031163; 6.0137105; -3.3616895
24.2620087; -7.3419908; 9.0797226; 1.5550963; 0.0054266; 5.9576361; -3.3301969
24.3618524; -7.4418074; 9.0812590; 1.5557535; 0.0077389; 5.9015616; -3.2987042
24.4616960; -7.5415923; 9.0827178; 1.5566411; 0.0100491; 5.8454872; -3.2672115
24.5615397; -7.6413647; 9.0840763; 1.5577588; 0.0123533; 5.7894127; -3.3057842
24.6613833; -7.7411206; 9.0853104; 1.5591466; 0.0155132; 5.7321180; -3.2769136
24.7612270; -7.8408995; 9.0863903; 1.5608542; 0.0187086; 5.6747527; -3.2439543
24.8610706; -7.9407203; 9.0872842; 1.5628805; 0.0218845; 5.6173874; -3.2109951
24.9609143; -8.0406005; 9.0879605; 1.5652240; 0.0250357; 5.5600222; -3.1780358
25.0607580; -8.1405579; 9.0883872; 1.5678828; 0.0281570; 5.5026569; -3.1249929
25.1606016; -8.2401379; 9.0885320; 1.5708578; 0.0315897; 5.4456599; -3.0923416
25.2604453; -8.3398283; 9.0883633; 1.5741764; 0.0349797; 5.3886650; -3.0598065
25.3602889; -8.4396511; 9.0878460; 1.5778354; 0.0383184; 5.3316701; -3.0272715
25.4601326; -8.5396253; 9.0869453; 1.5818310; 0.0415997; 5.2746752; -2.9930554
25.5599762; -8.6397515; 9.0856264; 1.5861582; 0.0448037; 5.2177124; -2.8774993
25.6598199; -8.7391208; 9.0838744; 1.5907337; 0.0472609; 5.1623563; -2.8468083
25.7596636; -8.8386922; 9.0816505; 1.5955606; 0.0496578; 5.1070002; -2.8161174
25.8595072; -8.9384814; 9.0789274; 1.6006348; 0.0519903; 5.0516441; -2.7854264
25.9593509; -9.0385041; 9.0756777; 1.6059517; 0.0542546; 4.9962880; -2.7547355
26.0591945; -9.1387759; 9.0718741; 1.6115065; 0.0564470; 4.9409319; -2.6304148
26.1590382; -9.2378492; 9.0675602; 1.6171234; 0.0568193; 4.8874889; -2.6015001
26.2588818; -9.3371969; 9.0626725; 1.6227907; 0.0571223; 4.8340523; -2.5729007
26.3587255; -9.4368456; 9.0572013; 1.6285040; 0.0573619; 4.7806156; -2.5443012
26.4585692; -9.5368175; 9.0511373; 1.6342585; 0.0575383; 4.7271790; -2.5157017
26.5584128; -9.6371344; 9.0444708; 1.6400495; 0.0576521; 4.6737423; -2.4039665
26.6582565; -9.7360405; 9.0373280; 1.6457047; 0.0562589; 4.6221019; -2.3680541
26.7581001; -9.8351033; 9.0296175; 1.6512183; 0.0547249; 4.5706625; -2.3415526
26.8579438; -9.9345203; 9.0213342; 1.6566022; 0.0532162; 4.5192230; -2.3150510
26.9577874; -10.0342912; 9.0124868; 1.6618579; 0.0517327; 4.4677836; -2.2885494
27.0576311; -10.1344156; 9.0030838; 1.6669868; 0.0502745; 4.4163442; -2.1866530
27.1574748; -10.2332959; 8.9932990; 1.6717813; 0.0450900; 4.3666291; -2.1299828
27.2573184; -10.3318664; 8.9830995; 1.6759150; 0.0383539; 4.3176520; -2.1059577
27.3571621; -10.4308604; 8.9724748; 1.6794014; 0.0317017; 4.2686750; -2.0819327
27.4570057; -10.5303285; 8.9614808; 1.6822452; 0.0251586; 4.2196979; -2.0579076
27.5568494; -10.6303215; 8.9501731; 1.6844529; 0.0187479; 4.1707208; -1.9817692
27.6566930; -10.7300008; 8.9387090; 1.6861320; 0.0184201; 4.1230060; -1.8750192
27.7565367; -10.8287518; 8.9271616; 1.6884268; 0.0277222; 4.0773473; -1.8541394
27.8563804; -10.9278571; 8.9152952; 1.6916573; 0.0370110; 4.0316885; -1.8332595
27.9562240; -11.0271537; 8.9030329; 1.6958292; 0.0464125; 3.9860298; -1.8123797
28.0560677; -11.1264788; 8.8902983; 1.7009570; 0.0560519; 3.9403711; -1.7914999
28.1559113; -11.2256692; 8.8770144; 1.7070634; 0.0660563; 3.8947124; -1.6232432
28.2557550; -11.3259108; 8.8629066; 1.7143892; 0.0789603; 3.8528747; -1.5954921
28.3555986; -11.4257125; 8.8480468; 1.7230535; 0.0929690; 3.8113048; -1.5781845
28.4554423; -11.5247458; 8.8323526; 1.7331267; 0.1082022; 3.7697348; -1.5608768
28.5552860; -11.6227772; 8.8157287; 1.7447040; 0.1249784; 3.7281649; -1.5435691
28.6551296; -11.7195737; 8.7980793; 1.7579012; 0.1436658; 3.6865949; -1.4237966
28.7549733; -11.8189319; 8.7784837; 1.7734622; 0.1630790; 3.6478306; -1.3314839
28.8548169; -11.9194413; 8.7569143; 1.7912802; 0.1841748; 3.6112031; -1.3180471
28.9546606; -12.0177008; 8.7338895; 1.8110754; 0.2088477; 3.5745756; -1.3046103
29.0545042; -12.1134322; 8.7093376; 1.8331067; 0.2379030; 3.5379480; -1.2911736
29.1543479; -12.2063575; 8.6831870; 1.8576807; 0.2723423; 3.5013205; -1.1463132
29.2541916; -12.3029817; 8.6531544; 1.8872990; 0.3130214; 3.4684782; -1.0395368
29.3540352; -12.4006220; 8.6193342; 1.9219759; 0.3593069; 3.4384239; -1.0304900
29.4538789; -12.4939920; 8.5831182; 1.9605086; 0.4114314; 3.4083696; -1.0214432
29.5537225; -12.5829933; 8.5443728; 2.0032079; 0.4695765; 3.3783152; -0.9452107
29.6535662; -12.6692648; 8.5020601; 2.0513495; 0.5278055; 3.3502638; -0.6164356
29.7534098; -12.7588027; 8.4522007; 2.1068552; 0.5531241; 3.3318423; -0.6130368
29.8532535; -12.8432627; 8.3987839; 2.1627900; 0.5635156; 3.3134208; -0.6096379
29.9530972; -12.9232041; 8.3417574; 2.2179641; 0.5572422; 3.2949993; -0.4620858
30.0529408; -12.9995649; 8.2807483; 2.2715737; 0.5448433; 3.2809675; -0.0277680
30.1527845; -13.0734596; 8.2148993; 2.3258849; 0.5504441; 3.2801223; -0.0277609
30.2526281; -13.1439207; 8.1448629; 2.3803502; 0.5438890; 3.2792772; -0.0277537
30.3524718; -13.2111500; 8.0703727; 2.4341145; 0.5258311; 3.2784321; 0.2156902
30.4523154; -13.2736125; 7.9934147; 2.4851872; 0.5103182; 3.2849943; 0.5738816
30.5521591; -13.3308394; 7.9152110; 2.5344598; 0.5053338; 3.3023907; 0.5769127
30.6520028; -13.3853727; 7.8323811; 2.5840452; 0.4935400; 3.3197871; 0.5799438
30.7518464; -13.4370946; 7.7446488; 2.6334483; 0.4756915; 3.3371836; 0.7040423
30.8516901; -13.4843661; 7.6548086; 2.6805210; 0.4438007; 3.3581814; 1.0193229
30.9515337; -13.5251966; 7.5682347; 2.7204530; 0.3918898; 3.3883518; 1.0284397
31.0513774; -13.5637578; 7.4776937; 2.7567277; 0.3465203; 3.4185223; 1.0375565
31.1512210; -13.6001251; 7.3833839; 2.7897022; 0.3069877; 3.4486927; 1.0466733
31.2510647; -13.6343741; 7.2855036; 2.8197051; 0.2725819; 3.4788632; 0.9620200
31.3509084; -13.6646388; 7.1906336; 2.8453829; 0.2435807; 3.5063645; 0.9134424
31.4507520; -13.6920632; 7.0969336; 2.8679501; 0.2194556; 3.5322790; 0.9201686
31.5505957; -13.7179024; 7.0009973; 2.8887090; 0.1990256; 3.5581935; 0.9268947
31.6504393; -13.7421877; 6.9030959; 2.9078841; 0.1816790; 3.5841080; 0.9336208
31.7502830; -13.7649500; 6.8035009; 2.9256697; 0.1669222; 3.6100225; 0.8869073
31.8501266; -13.7857902; 6.7046152; 2.9418615; 0.1529704; 3.6344692; 0.8300728
31.9499703; -13.8047755; 6.6071440; 2.9563576; 0.1392897; 3.6572013; 0.8352484
32.0498140; -13.8225027; 6.5088825; 2.9696499; 0.1272119; 3.6799334; 0.8404239
32.1496576; -13.8390305; 6.4100856; 2.9818448; 0.1164806; 3.7026655; 0.8455995
32.2495013; -13.8544176; 6.3110081; 2.9930338; 0.1068782; 3.7253976; 0.8578363
32.3493449; -13.8687329; 6.2118321; 3.0033018; 0.0980341; 3.7483178; 1.0005345
32.4491886; -13.8822153; 6.1114623; 3.0126286; 0.0861923; 3.7748749; 1.0075983
32.5490322; -13.8947588; 6.0114896; 3.0207254; 0.0745367; 3.8014320; 1.0146621
32.6488759; -13.9064764; 5.9120799; 3.0276062; 0.0629256; 3.8279891; 1.0217260
32.7487196; -13.9174807; 5.8133989; 3.0332749; 0.0512072; 3.8545461; 1.0287898
32.8485632; -13.9278845; 5.7156126; 3.0377249; 0.0392143; 3.8811032; 1.2410784
32.9484069; -13.9381373; 5.6154367; 3.0415031; 0.0393295; 3.9129004; 1.3329651
33.0482505; -13.9480148; 5.5149897; 3.0457249; 0.0443333; 3.9467665; 1.3444522
33.1480942; -13.9573536; 5.4154754; 3.0504035; 0.0492739; 3.9806326; 1.3559393
33.2479378; -13.9661324; 5.3167262; 3.0555276; 0.0540739; 4.0144987; 1.3674264
33.3477815; -13.9743300; 5.2185747; 3.0610810; 0.0586548; 4.0483648; 1.4590738
33.4476252; -13.9820436; 5.1192873; 3.0670626; 0.0605463; 4.0841910; 1.5179522
33.5474688; -13.9891946; 5.0194350; 3.0731401; 0.0608349; 4.1211324; 1.5316202
33.6473125; -13.9957200; 4.9198231; 3.0792180; 0.0608970; 4.1580737; 1.5452882
33.7471561; -14.0016292; 4.8203612; 3.0852792; 0.0607297; 4.1950151; 1.5589562
33.8469998; -14.0069320; 4.7209591; 3.0913066; 0.0603331; 4.2319564; 1.4783149
33.9468434; -14.0116295; 4.6217002; 3.0973079; 0.0607405; 4.2666915; 1.4462671
34.0466871; -14.0157291; 4.5223841; 3.1033780; 0.0613422; 4.3004020; 1.4576488
34.1465308; -14.0192307; 4.4228133; 3.1095072; 0.0616452; 4.3341125; 1.4690306
34.2463744; -14.0221300; 4.3228718; 3.1156735; 0.0616498; 4.3678230; 1.4804124
34.3462181; -14.0244228; 4.2224431; 3.1218544; 0.0613613; 4.4015336; 0.9041834
34.4460617; -14.0260748; 4.1235951; 3.1279078; 0.0611571; 4.4219963; 0.6742655
34.5459054; -14.0271277; 4.0249361; 3.1339278; 0.0608307; 4.4371944; 0.6765790
34.6457491; -14.0275900; 3.9254992; 3.1399498; 0.0602481; 4.4523924; 0.6788924
34.7455927; -14.0274529; 3.8251800; -3.1372309; 0.0594241; 4.4675904; 0.6812058
34.8454364; -14.0267078; 3.7238739; -3.1312621; 0.0583765; 4.4827885; -0.8779426
34.9452800; -14.0253898; 3.6243397; -3.1253850; 0.0614673; 4.4631915; -1.9291730
35.0451237; -14.0234836; 3.5257679; -3.1190300; 0.0674329; 4.4198243; -1.9103364
35.1449673; -14.0208960; 3.4263276; -3.1120261; 0.0733798; 4.3764571; -1.8914998
35.2448110; -14.0175533; 3.3261206; -3.1043692; 0.0793575; 4.3330900; -1.8726633
35.3446547; -14.0133818; 3.2252482; -3.0960522; 0.0854122; 4.2897228; -1.8509079
35.4444983; -14.0083407; 3.1244176; -3.0871265; 0.0909858; 4.2464242; -1.8219930
35.5443420; -14.0024797; 3.0252701; -3.0779078; 0.0947006; 4.2033665; -1.8034242
35.6441856; -13.9956588; 2.9258085; -3.0682674; 0.0987538; 4.1603087; -1.7848555
35.7440293; -13.9878363; 2.8261513; -3.0581776; 0.1031755; 4.1172510; -1.7662868
35.8438729; -13.9789708; 2.7264173; -3.0476089; 0.1079991; 4.0741933; -1.7477181
35.9437166; -13.9690205; 2.6267249; -3.0365288; 0.1132624; 4.0311355; -1.7269510
36.0435603; -13.9579133; 2.5269176; -3.0249324; 0.1172420; 3.9881328; -1.7075032
36.1434039; -13.9456349; 2.4272750; -3.0129778; 0.1209966; 3.9451536; -1.6890021
36.2432476; -13.9321815; 2.3280355; -3.0006489; 0.1253156; 3.9021743; -1.6705010
36.3430912; -13.9175371; 2.2293202; -2.9879025; 0.1302422; 3.8591951; -1.6519999
36.4429349; -13.9016856; 2.1312503; -2.9746923; 0.1358279; 3.8162158; -1.6180989
36.5427785; -13.8844815; 2.0332385; -2.9608711; 0.1417248; 3.7736440; -1.5399219
36.6426222; -13.8654802; 1.9333657; -2.9462114; 0.1468140; 3.7326782; -1.5231136
36.7424659; -13.8451599; 1.8345848; -2.9311121; 0.1527914; 3.6917123; -1.5063053
36.8423095; -13.8235272; 1.7370335; -2.9155064; 0.1597494; 3.6507465; -1.4894970
36.9421532; -13.8005888; 1.6408495; -2.8993222; 0.1677993; 3.6097806; -1.4726887
37.0419968; -13.7763512; 1.5461705; -2.8824809; 0.1770736; 3.5688148; -1.3090202
37.1418405; -13.7491513; 1.4472616; -2.8638015; 0.1872688; 3.5320029; -1.2784320
37.2416841; -13.7202986; 1.3496880; -2.8441662; 0.1989878; 3.4956770; -1.2652156
37.3415278; -13.6899952; 1.2542997; -2.8235912; 0.2125117; 3.4593511; -1.2519993
37.4413715; -13.6582578; 1.1612462; -2.8019511; 0.2281110; 3.4230252; -1.2387829
37.5412151; -13.6251032; 1.0706775; -2.7791058; 0.2461073; 3.3866994; -0.9786108
37.6410588; -13.5870359; 0.9741423; -2.7524832; 0.2674793; 3.3577249; -0.9547801
37.7409024; -13.5470617; 0.8804153; -2.7240108; 0.2920148; 3.3292130; -0.9466380
37.8407461; -13.5054091; 0.7901988; -2.6936329; 0.3201476; 3.3007010; -0.9384960
37.9405897; -13.4620948; 0.7036366; -2.6611241; 0.3524139; 3.2721891; -0.7303657
38.0404334; -13.4145091; 0.6162463; -2.6241620; 0.3913570; 3.2498272; -0.4916089
38.1402771; -13.3618429; 0.5280422; -2.5816989; 0.4358976; 3.2346883; -0.4893134
38.2401207; -13.3069713; 0.4447273; -2.5359104; 0.4824657; 3.2195495; -0.4870180
38.3399644; -13.2498007; 0.3662934; -2.4867853; 0.5299593; 3.2044107; -0.1671060
38.4398080; -13.1878917; 0.2899935; -2.4323034; 0.5784264; 3.1991997; 0.1844326
38.5396517; -13.1203905; 0.2159126; -2.3723678; 0.6140235; 3.2049505; 0.1847639
38.6394953; -13.0492436; 0.1468117; -2.3106408; 0.6263813; 3.2107013; 0.1850951
38.7393390; -12.9739134; 0.0822113; -2.2488997; 0.6136225; 3.2164520; 0.7329860
38.8391827; -12.8966038; 0.0235732; -2.1912415; 0.5700372; 3.2391252; 0.8863002
38.9390263; -12.8153801; -0.0312131; -2.1381048; 0.5134920; 3.2663305; 0.8937131
39.0388700; -12.7293528; -0.0830784; -2.0896128; 0.4516616; 3.2935358; 0.9011259
39.1387136; -12.6383179; -0.1324016; -2.0461277; 0.3887109; 3.3207411; 1.1198175
39.2385573; -12.5526691; -0.1745657; -2.0110065; 0.3489343; 3.3542413; 1.1443349
39.3384009; -12.4636244; -0.2147310; -1.9786248; 0.3149019; 3.3881328; 1.1558393
39.4382446; -12.3706487; -0.2532219; -1.9484855; 0.2848730; 3.4220243; 1.1673436
39.5380883; -12.2738302; -0.2900420; -1.9203834; 0.2583883; 3.4559158; 1.0527416
39.6379319; -12.1800391; -0.3229151; -1.8957716; 0.2381056; 3.4861975; 0.9772838
39.7377756; -12.0877468; -0.3528545; -1.8734463; 0.2225375; 3.5140752; 0.9850676
39.8376192; -11.9927275; -0.3814000; -1.8520469; 0.2092261; 3.5419528; 0.9928514
39.9374629; -11.8951166; -0.4085043; -1.8314446; 0.1978455; 3.5698305; 1.0006352
40.0373065; -11.7950491; -0.4341202; -1.8115247; 0.1881276; 3.5977081; 0.8933568
40.1371502; -11.6987471; -0.4568276; -1.7933428; 0.1793544; 3.6224157; 0.8545037
40.2369939; -11.6029353; -0.4776385; -1.7761407; 0.1717789; 3.6458921; 0.8600237
40.3368375; -11.5054416; -0.4970886; -1.7593882; 0.1654492; 3.6693685; 0.8655438
40.4366812; -11.4064077; -0.5151462; -1.7430049; 0.1602279; 3.6928449; 0.8710638
40.5365248; -11.3059753; -0.5317797; -1.7269169; 0.1560033; 3.7163212; 0.9655859
40.6363685; -11.2062969; -0.5466738; -1.7114211; 0.1499633; 3.7421730; 1.1033382
40.7362121; -11.1085091; -0.5597947; -1.6970824; 0.1408504; 3.7714959; 1.1119500
40.8360558; -11.0098235; -0.5716368; -1.6835007; 0.1325823; 3.8008188; 1.1205618
40.9358995; -10.9103569; -0.5822402; -1.6706203; 0.1250733; 3.8301417; 1.1291736
41.0357431; -10.8102258; -0.5916452; -1.6583903; 0.1182471; 3.8594647; 1.1377854
41.1355868; -10.7095470; -0.5998919; -1.6467642; 0.1120366; 3.8887876; 1.3023667
41.2354304; -10.6099594; -0.6069239; -1.6359512; 0.1042719; 3.9220830; 1.3475406
41.3352741; -10.5103874; -0.6129139; -1.6259403; 0.0965178; 3.9562383; 1.3592247
41.4351177; -10.4106028; -0.6179519; -1.6166673; 0.0891703; 3.9903937; 1.3709089
41.5349614; -10.3107061; -0.6221031; -1.6081042; 0.0821742; 4.0245490; 1.3825930
41.6348051; -10.2107975; -0.6254327; -1.6002267; 0.0754769; 4.0587043; 1.4083629
41.7346487; -10.1108316; -0.6280089; -1.5930057; 0.0687295; 4.0932033; 1.5123111
41.8344924; -10.0101111; -0.6299118; -1.5865111; 0.0602275; 4.1299277; 1.5258191
41.9343360; -9.9096807; -0.6312005; -1.5808844; 0.0518220; 4.1666520; 1.5393270
42.0341797; -9.8096382; -0.6319644; -1.5761185; 0.0434454; 4.2033764; 1.5528349
42.1340233; -9.7100812; -0.6322928; -1.5722112; 0.0350273; 4.2401008; 1.5663428
42.2338670; -9.6111075; -0.6322751; -1.5691650; 0.0264928; 4.2768252; 1.6147067
42.3337107; -9.5109762; -0.6319926; -1.5668916; 0.0200626; 4.3143563; 1.6630112
42.4335543; -9.4098245; -0.6315023; -1.5650821; 0.0156800; 4.3526718; 1.6777150
42.5333980; -9.3094475; -0.6308573; -1.5637352; 0.0111192; 4.3909874; 1.6924189
42.6332416; -9.2098389; -0.6301066; -1.5628621; 0.0063752; 4.4293030; 1.7071227
42.7330853; -9.1109923; -0.6292991; -1.5624738; 0.0014428; 4.4676186; 1.7236899
42.8329289; -9.0125861; -0.6284813; -1.5625808; -0.0031969; 4.5059755; 1.7597706
42.9327726; -8.9113670; -0.6276647; -1.5628637; -0.0023836; 4.5448013; 1.7748686
43.0326163; -8.8108925; -0.6268783; -1.5630608; -0.0015334; 4.5836271; 1.7899667
43.1324599; -8.7111009; -0.6261125; -1.5631700; -0.0006496; 4.6224529; 1.8050647
43.2323036; -8.6119307; -0.6253579; -1.5631894; 0.0002639; 4.6612788; 1.8201628
43.3321472; -8.5133203; -0.6246050; -1.5631173; 0.0012030; 4.7001046; 1.8006967
43.4319909; -8.4128073; -0.6238276; -1.5630236; 0.0004240; 4.7382021; 1.8097069
43.5318345; -8.3124143; -0.6230469; -1.5630349; -0.0006545; 4.7761841; 1.8241558
43.6316782; -8.2125080; -0.6222766; -1.5631552; -0.0017590; 4.8141662; 1.8386047
43.7315219; -8.1130717; -0.6215273; -1.5633860; -0.0028886; 4.8521482; 1.8530537
43.8313655; -8.0140886; -0.6208098; -1.5637288; -0.0040422; 4.8901302; 1.7911521
43.9312092; -7.9138506; -0.6201228; -1.5641608; -0.0044065; 4.9265651; 1.7839747
44.0310528; -7.8135846; -0.6194799; -1.5646100; -0.0045539; 4.9625881; 1.7969715
44.1308965; -7.7137069; -0.6188849; -1.5650721; -0.0046975; 4.9986111; 1.8099684
44.2307401; -7.6141820; -0.6183387; -1.5655466; -0.0048367; 5.0346341; 1.8229653
44.3305838; -7.5149742; -0.6178419; -1.5660331; -0.0049711; 5.0706571; 1.7043568
44.4304275; -7.4148831; -0.6173895; -1.5665068; -0.0043645; 5.1041064; 1.6873650
44.5302711; -7.3148043; -0.6169807; -1.5669049; -0.0035874; 5.1370076; 1.6982069
44.6301148; -7.2149600; -0.6166088; -1.5672237; -0.0027972; 5.1699089; 1.7090488
44.7299584; -7.1153233; -0.6162654; -1.5674626; -0.0019956; 5.2028101; 1.7198906
44.8298021; -7.0158675; -0.6159424; -1.5676208; -0.0011846; 5.2357114; 1.5737964
44.9296457; -6.9158709; -0.6156294; -1.5676978; -0.0003523; 5.2656377; 1.5707494
45.0294894; -6.8159507; -0.6153201; -1.5676911; 0.0004868; 5.2953375; 1.5795840
45.1293331; -6.7161329; -0.6150063; -1.5676005; 0.0013297; 5.3250373; 1.5884186
45.2291767; -6.6163907; -0.6146796; -1.5674257; 0.0021744; 5.3547371; 1.5859864
45.3290204; -6.5166891; -0.6143313; -1.5671669; 0.0029902; 5.3842280; 1.4456571
45.4288640; -6.4169049; -0.6139535; -1.5668467; 0.0034277; 5.4109694; 1.4528194
45.5287077; -6.3171149; -0.6135416; -1.5664830; 0.0038614; 5.4377109; 1.4599816
45.6285513; -6.2172916; -0.6130911; -1.5660761; 0.0042900; 5.4644524; 1.4671439
45.7283950; -6.1174075; -0.6125975; -1.5656264; 0.0047127; 5.4911938; 1.4366128
45.8282387; -6.0175481; -0.6120570; -1.5651346; 0.0051630; 5.5172532; 1.3071754
45.9280823; -5.9179810; -0.6114668; -1.5645922; 0.0057302; 5.5408582; 1.3127561
46.0279260; -5.8182764; -0.6108188; -1.5639930; 0.0062880; 5.5644631; 1.3183368
46.1277696; -5.7184106; -0.6101071; -1.5633376; 0.0068353; 5.5880681; 1.3239175
46.2276133; -5.6183597; -0.6093257; -1.5626268; 0.0073710; 5.6116731; 1.2769081
46.3274569; -5.5184316; -0.6084717; -1.5618695; 0.0075670; 5.6343462; 1.1791200
46.4273006; -5.4189314; -0.6075467; -1.5611386; 0.0071251; 5.6552022; 1.1834765
46.5271443; -5.3192182; -0.6065490; -1.5604499; 0.0066894; 5.6760583; 1.1878331
46.6269879; -5.2192974; -0.6054824; -1.5598029; 0.0062596; 5.6969143; 1.1921896
46.7268316; -5.1191744; -0.6043510; -1.5591975; 0.0058353; 5.7177704; 1.1455753
46.8266752; -5.0192423; -0.6031635; -1.5586409; 0.0051380; 5.7377395; 1.0767412
46.9265189; -4.9196751; -0.6019295; -1.5581834; 0.0040539; 5.7564456; 1.0802459
47.0263625; -4.8199297; -0.6006529; -1.5578326; 0.0029809; 5.7751518; 1.0837506
47.1262062; -4.7200147; -0.5993445; -1.5575880; 0.0019180; 5.7938579; 1.0872552
47.2260499; -4.6199386; -0.5980147; -1.5574488; 0.0008643; 5.8125640; 1.0453525
47.3258935; -4.5200452; -0.5966787; -1.5574076; 0.0001411; 5.8304926; 0.9904899
47.4257372; -4.4204339; -0.5953447; -1.5574090; -0.0001673; 5.8474295; 0.9933630
47.5255808; -4.3206788; -0.5940105; -1.5574410; -0.0004736; 5.8643665; 0.9962361
47.6254245; -4.2207810; -0.5926791; -1.5575035; -0.0007776; 5.8813034; 0.9991092
47.7252681; -4.1207419; -0.5913537; -1.5575964; -0.0010796; 5.8982403; 0.9628584
47.8251118; -4.0208540; -0.5900409; -1.5577173; -0.0012871; 5.9145169; 0.9131523
47.9249555; -3.9212192; -0.5887443; -1.5578497; -0.0013706; 5.9299119; 0.9155261
48.0247991; -3.8214539; -0.5874595; -1.5579906; -0.0014537; 5.9453069; 0.9178998
48.1246428; -3.7215631; -0.5861877; -1.5581399; -0.0015366; 5.9607019; 0.9202736
48.2244864; -3.6215516; -0.5849296; -1.5582978; -0.0016193; 5.9760969; 0.8911787
48.3243301; -3.5216428; -0.5836891; -1.5584624; -0.0016347; 5.9909674; 0.8425521
48.4241737; -3.4219757; -0.5824677; -1.5586207; -0.0015424; 6.0049927; 0.8445222
48.5240174; -3.3222026; -0.5812603; -1.5587701; -0.0014509; 6.0190180; 0.8464924
48.6238611; -3.2223273; -0.5800662; -1.5589104; -0.0013600; 6.0330433; 0.8484626
48.7237047; -3.1223536; -0.5788846; -1.5590419; -0.0012697; 6.0470686; 0.8273613
48.8235484; -3.0224279; -0.5777161; -1.5591641; -0.0011649; 6.0607139; 0.7774152
48.9233920; -2.9227314; -0.5765619; -1.5592733; -0.0010269; 6.0735074; 0.7790546
49.0232357; -2.8229498; -0.5754170; -1.5593689; -0.0008897; 6.0863010; 0.7806939
49.1230793; -2.7230875; -0.5742800; -1.5594510; -0.0007532; 6.0990946; 0.7823332
49.2229230; -2.6231489; -0.5731496; -1.5595194; -0.0006173; 6.1118881; 0.7694389
49.3227667; -2.5232118; -0.5720255; -1.5595745; -0.0004913; 6.1244448; 0.7164799
49.4226103; -2.4234816; -0.5709086; -1.5596189; -0.0004004; 6.1361141; 0.7178438
49.5224540; -2.3236890; -0.5697949; -1.5596544; -0.0003099; 6.1477833; 0.7192076
49.6222976; -2.2238383; -0.5686837; -1.5596808; -0.0002198; 6.1594526; 0.7205715
49.7221413; -2.1239340; -0.5675742; -1.5596983; -0.0001299; 6.1711219; 0.7157709
49.8219849; -2.0240024; -0.5664656; -1.5597068; -0.0000477; 6.1826916; 0.6583936
49.9218286; -1.9242349; -0.5653594; -1.5597110; -0.0000369; 6.1933148; 0.6595239
50.0216723; -1.8244272; -0.5642531; -1.5597142; -0.0000261; 6.2039381; 0.6606542
50.1215159; -1.7245839; -0.5631467; -1.5597163; -0.0000154; 6.2145613; 0.6617845
50.2213596; -1.6247095; -0.5620401; -1.5597173; -0.0000047; 6.2251845; 0.6629148
50.3212032; -1.5248083; -0.5609332; -1.5597172; 0.0000061; 6.2358077; 0.6065762
50.4210469; -1.4249943; -0.5598273; -1.5597172; -0.0000074; 6.2455122; 0.6056018
50.5208905; -1.3251663; -0.5587213; -1.5597187; -0.0000216; 6.2551862; 0.6065391
50.6207342; -1.2253251; -0.5576154; -1.5597215; -0.0000359; 6.2648601; 0.6074764
50.7205779; -1.1254752; -0.5565098; -1.5597258; -0.0000501; 6.2745340; 0.6084137
50.8204215; -1.0256210; -0.5554046; -1.5597316; -0.0000643; 6.2842080; 0.5647697
50.9202652; -0.9257630; -0.5542999; -1.5597388; -0.0000807; 6.2931746; 0.5567240
51.0201088; -0.8259088; -0.5531962; -1.5597477; -0.0000975; 6.3020011; 0.5575043
51.1199525; -0.7260637; -0.5520935; -1.5597583; -0.0001144; 6.3108276; 0.5582846
51.2197961; -0.6262323; -0.5509921; -1.5597705; -0.0001312; 6.3196540; 0.5590649
51.3196398; -0.5264189; -0.5498922; -1.5597845; -0.0001481; 6.3284805; 0.5260990
51.4194835; -0.4265422; -0.5487931; -1.5598000; -0.0001620; 6.3367752; 0.5124158
51.5193271; -0.3266559; -0.5476955; -1.5598168; -0.0001747; 6.3448438; 0.5130679
51.6191708; -0.2268010; -0.5466000; -1.5598349; -0.0001874; 6.3529124; 0.5137199
51.7190144; -0.1269821; -0.5455068; -1.5598542; -0.0002002; 6.3609810; 0.5143719
51.8188581; -0.0272036; -0.5444160; -1.5598749; -0.0002130; 6.3690496; 0.4900491
51.9187017; 0.0726674; -0.5433263; -1.5598977; -0.0002587; 6.3767272; 0.4721513
52.0185454; 0.1725906; -0.5422386; -1.5599271; -0.0003287; 6.3841156; 0.4726981
52.1183891; 0.2724603; -0.5411548; -1.5599634; -0.0003990; 6.3915041; 0.4732448
52.2182327; 0.3722720; -0.5400756; -1.5600067; -0.0004695; 6.3988925; 0.4737916
52.3180764; 0.4720217; -0.5390018; -1.5600571; -0.0005404; 6.4062809; 0.4543303
52.4179200; 0.5718676; -0.5379323; -1.5601169; -0.0007109; 6.4133579; 0.4313654
52.5177637; 0.6718328; -0.5368687; -1.5602024; -0.0009990; 6.4200699; 0.4318166
52.6176073; 0.7717224; -0.5358159; -1.5603166; -0.0012882; 6.4267819; 0.4322678
52.7174510; 0.8715317; -0.5347768; -1.5604597; -0.0015789; 6.4334939; 0.4327191
52.8172947; 0.9712562; -0.5337543; -1.5606317; -0.0018711; 6.4402060; 0.4160218
52.9171383; 1.0710613; -0.5327496; -1.5608353; -0.0022846; 6.4466524; 0.3864614
53.0169820; 1.1710690; -0.5317659; -1.5610950; -0.0029097; 6.4526350; 0.3868199
53.1168256; 1.2709791; -0.5308121; -1.5614171; -0.0035383; 6.4586176; 0.3871784
53.2166693; 1.3707885; -0.5298947; -1.5618018; -0.0041705; 6.4646002; 0.3875369
53.3165129; 1.4704937; -0.5290196; -1.5622493; -0.0048066; 6.4705828; 0.3747201
53.4163566; 1.5702586; -0.5281919; -1.5627613; -0.0054863; 6.4763623; 0.3430032
53.5162003; 1.6703170; -0.5274167; -1.5633493; -0.0062676; 6.4816481; 0.3432830
53.6160439; 1.7702561; -0.5267050; -1.5640150; -0.0070551; 6.4869339; 0.3435628
53.7158876; 1.8700696; -0.5260646; -1.5647588; -0.0078494; 6.4922197; 0.3438427
53.8157312; 1.9697510; -0.5255031; -1.5655811; -0.0086509; 6.4975055; 0.2096706
53.9155749; 2.0694676; -0.5250274; -1.5664845; -0.0094881; 6.5007266; -0.1980611
54.0154185; 2.1695668; -0.5246449; -1.5674806; -0.0104169; 6.4976839; -0.1979684
54.1152622; 2.2695205; -0.5243670; -1.5685685; -0.0113524; 6.4946412; -0.1978757
54.2151059; 2.3693285; -0.5242028; -1.5697485; -0.0122948; 6.4915985; -0.1977829
54.3149495; 2.4689906; -0.5241610; -1.5710211; -0.0132440; 6.4885558; -0.9649197
54.4147932; 2.5686615; -0.5242507; -1.5723830; -0.0137138; 6.4736909; -3.3829450
54.5146368; 2.6686827; -0.5244762; -1.5737006; -0.0126305; 6.4213038; -3.3554579
54.6144805; 2.7685819; -0.5248276; -1.5749076; -0.0115298; 6.3689168; -3.3279709
54.7143241; 2.8683802; -0.5252934; -1.5760027; -0.0104137; 6.3165297; -3.3004838
54.8141678; 2.9680988; -0.5258625; -1.5769849; -0.0092843; 6.2641426; -3.3132524
54.9140115; 3.0678214; -0.5265239; -1.5778517; -0.0079678; 6.2111084; -3.3965712
55.0138551; 3.1676797; -0.5272652; -1.5785567; -0.0061512; 6.1562664; -3.3664476
55.1136988; 3.2675135; -0.5280676; -1.5790799; -0.0043287; 6.1014243; -3.3363240
55.2135424; 3.3673379; -0.5289130; -1.5794209; -0.0025029; 6.0465823; -3.3062004
55.3133861; 3.4671678; -0.5297835; -1.5795796; -0.0006760; 5.9917402; -3.3184511
55.4132297; 3.5669747; -0.5306605; -1.5795558; 0.0011594; 5.9361855; -3.3857316
55.5130734; 3.6667144; -0.5315253; -1.5793476; 0.0030147; 5.8789634; -3.3529367
55.6129171; 3.7665018; -0.5323605; -1.5789544; 0.0048640; 5.8217413; -3.3201417
55.7127607; 3.8663500; -0.5331478; -1.5783767; 0.0067053; 5.7645192; -3.2873468
55.8126044; 3.9662719; -0.5338688; -1.5776151; 0.0085363; 5.7072971; -3.2922895
55.9124480; 4.0661246; -0.5345040; -1.5766675; 0.0106253; 5.6494081; -3.3352193
56.0122917; 4.1657575; -0.5350319; -1.5754779; 0.0132500; 5.5901530; -3.3000527
56.1121353; 4.2655033; -0.5354286; -1.5740262; 0.0158525; 5.5308979; -3.2648861
56.2119790; 4.3653759; -0.5356678; -1.5723140; 0.0184297; 5.4716429; -3.2297195
56.3118227; 4.4653892; -0.5357232; -1.5703431; 0.0209783; 5.4123878; -3.2054199
56.4116663; 4.5652877; -0.5355690; -1.5681150; 0.0238928; 5.3529300; -3.1915411
56.5115100; 4.6648122; -0.5351777; -1.5655540; 0.0275637; 5.2930662; -3.1556482
56.6113536; 4.7645126; -0.5345120; -1.5626246; 0.0311889; 5.2332024; -3.1197552
56.7111973; 4.8643999; -0.5335341; -1.5593300; 0.0347645; 5.1733385; -3.0838623
56.8110409; 4.9644851; -0.5322064; -1.5556735; 0.0382866; 5.1134747; -3.0278454
56.9108846; 5.0644419; -0.5304975; -1.5516717; 0.0418129; 5.0540084; -2.9453958
57.0107283; 5.1638181; -0.5283842; -1.5473356; 0.0454203; 4.9954822; -2.9110890
57.1105719; 5.2634224; -0.5258156; -1.5426332; 0.0489566; 4.9369561; -2.8767823
57.2104156; 5.3632675; -0.5227527; -1.5375693; 0.0524170; 4.8784299; -2.8424755
57.3102592; 5.4633658; -0.5191568; -1.5321490; 0.0557965; 4.8199037; -2.7853992
57.4101029; 5.5634302; -0.5150020; -1.5263967; 0.0589747; 4.7618550; -2.6638010
57.5099466; 5.6625935; -0.5103010; -1.5204094; 0.0616376; 4.7056706; -2.6321847
57.6097902; 5.7620233; -0.5049765; -1.5141414; 0.0642513; 4.6494862; -2.6005684
57.7096339; 5.8617187; -0.4989970; -1.5075958; 0.0668142; 4.5933018; -2.5689521
57.8094775; 5.9616783; -0.4923309; -1.5007760; 0.0693250; 4.5371174; -2.5330157
57.9093212; 6.0618399; -0.4849514; -1.4936897; 0.0717142; 4.4810292; -2.3835452
58.0091648; 6.1605684; -0.4769700; -1.4865637; 0.0721548; 4.4276020; -2.3549558
58.1090085; 6.2595781; -0.4682521; -1.4793744; 0.0724929; 4.3741747; -2.3263664
58.2088522; 6.3588962; -0.4587842; -1.4721292; 0.0727287; 4.3207475; -2.2977770
58.3086958; 6.4585500; -0.4485526; -1.4648358; 0.0728630; 4.2673202; -2.2691875
58.4085395; 6.5585667; -0.4375439; -1.4575018; 0.0728968; 4.2138930; -2.1347228
58.5083831; 6.6574523; -0.4259251; -1.4500965; 0.0767535; 4.1630057; -2.0782075
58.6082268; 6.7562025; -0.4135564; -1.4422034; 0.0818939; 4.1128609; -2.0530231
58.7080704; 6.8551596; -0.4003402; -1.4337626; 0.0872330; 4.0627161; -2.0278388
58.8079141; 6.9542253; -0.3862291; -1.4247568; 0.0928052; 4.0125713; -2.0026544
58.9077578; 7.0533015; -0.3711755; -1.4151661; 0.0986451; 3.9624265; -1.9248676
59.0076014; 7.1523250; -0.3551262; -1.4049760; 0.1042529; 3.9136239; -1.8257835
59.1074451; 7.2511950; -0.3380388; -1.3942540; 0.1095631; 3.8667644; -1.8037909
59.2072887; 7.3497204; -0.3198936; -1.3829874; 0.1154620; 3.8199048; -1.7817983
59.3071324; 7.4477604; -0.3006639; -1.3711304; 0.1220139; 3.7730452; -1.7598057
59.4069760; 7.5451739; -0.2803228; -1.3586326; 0.1292930; 3.7261856; -1.7282370
59.5068197; 7.6419770; -0.2588073; -1.3454171; 0.1372332; 3.6795859; -1.5188918
59.6066634; 7.7409479; -0.2353778; -1.3311717; 0.1430461; 3.6381381; -1.5016857
59.7065070; 7.8388042; -0.2107084; -1.3164044; 0.1497828; 3.5966903; -1.4844796
59.8063507; 7.9354022; -0.1848037; -1.3010458; 0.1575459; 3.5552425; -1.4672735
59.9061943; 8.0305977; -0.1576677; -1.2850202; 0.1664578; 3.5137947; -1.4500674
60.0060380; 8.1242471; -0.1293049; -1.2682450; 0.1766640; 3.4723469; -1.2106933
60.1058816; 8.2216488; -0.0979139; -1.2496228; 0.1873411; 3.4373585; -1.1636212
60.2057253; 8.3178397; -0.0648695; -1.2299663; 0.1995031; 3.4033914; -1.1520655
60.3055690; 8.4117877; -0.0304656; -1.2093222; 0.2135449; 3.3694243; -1.1405098
60.4054126; 8.5033379; 0.0052777; -1.1875596; 0.2297520; 3.3354572; -1.1231298
60.5052563; 8.5924670; 0.0423966; -1.1644966; 0.2484790; 3.3016662; -0.7215116
60.6050999; 8.6874638; 0.0847740; -1.1375060; 0.2710291; 3.2797749; -0.7167118
60.7049436; 8.7790331; 0.1287220; -1.1087062; 0.2967071; 3.2578835; -0.7119119
60.8047872; 8.8670378; 0.1742313; -1.0778974; 0.3259517; 3.2359921; -0.7071121
60.9046309; 8.9513410; 0.2212931; -1.0448598; 0.3592450; 3.2141008; -0.3402451
61.0044746; 9.0374995; 0.2734878; -1.0067528; 0.3971883; 3.2035139; -0.1145830
61.1043182; 9.1225460; 0.3298139; -0.9642168; 0.4370564; 3.1999407; -0.1144551
61.2041619; 9.2028171; 0.3882100; -0.9188409; 0.4772321; 3.1963675; -0.1143272
61.3040055; 9.2783649; 0.4487667; -0.8707243; 0.5164663; 3.1927943; -0.0363056
61.4038492; 9.3524584; 0.5146080; -0.8168475; 0.5758457; 3.1916588; 0.0000000
61.5036928; 9.4230396; 0.5849378; -0.7566326; 0.6289477; 3.1916588; 0.0000000
61.6035365; 9.4888096; 0.6591944; -0.6926452; 0.6561952; 3.1916588; 2.3157400
61.7033802; 9.5500682; 0.7381641; -0.6269177; 0.6538802; 3.2632973; 1.2086113